年份,人均GDP（元/人）,城镇调查失业率（%）倒数,城镇居民可支配收入,平均工资（元）,PM2.5平均浓度（微克/立方米）倒数,污水处理率（%）,城镇生活垃圾无公害化处理率（%）,区域环境噪声平均值（分贝）倒数,城市绿化覆盖率（%）,城镇居民基本医疗保险人数占常驻人口比（%）,企业职工基本养老保险（万人）,执业（助理）医师数,科技活动人员数,研究与试验发展人数（人）,研究与试验发展经费（万元）,普通高等学校招收本专科学生（万人）,教育经费支出（万元）,全市公路里程（公里）,公共交通运营线路长度（公里）,基础设施投资占全社会固定资产投资比重,基础设施投资（亿元）,公共服务业投资（亿元）,交通运输投资（亿元）,邮政电信投资（亿元）,人均公园绿地面积（平方米/人）,公共交通客运量（万人次）
2015,109603.0,0.7194244604316548,52859.0,113073.0,0.01240694789081886,87.9,99.8,0.01876172607879925,48.4,0.08339092375028795,1424.2,96445.0,747461.0,350721.0,13840231.0,15.7,9998366.0,21885.0,20740.0,27.2,2174.5,494.4,827.0,172.3,16.0,738384.0
2016,118198.0,0.7092198581560284,57275.0,122749.0,0.014285714285714285,90.0,99.8,0.01841620626151013,48.4,0.08799300474020892,1459.1,100878.0,810195.0,373406.0,14845762.0,15.5,10937374.0,22026.0,20392.0,28.4,2399.5,643.8,973.0,147.5,16.1,734953.0
2017,128994.0,0.6993006993006994,62406.0,134994.0,0.017241379310344827,92.4,99.9,0.018796992481203006,48.4,0.09314967521997512,1514.3,105732.0,958500.0,397281.0,15796512.0,15.3,11171250.0,22242.0,19898.0,33.4,2984.2,694.5,1327.0,194.4,16.2,713396.0
2018,140748.0,0.6666666666666666,62361.0,150748.0,0.0196078431372549,94.0,99.7,0.018621973929236497,48.44,0.1814130535697707,1591.5,109000.0,986352.0,403698.0,15953000.0,15.6,12786520.0,22255.8,19245.0,33.1,2664.9,766.7,1651.0,189.5,16.3,725454.0
